# Build Platform Definition
#
# This file describes which projects (and which individual project platforms)
# to build when executing the main build script.
#
# The Syntax is
#   DirectoryName,ProjectPlatform,ProjectName,OutputDirectory
#
Nuclex.UserInterface.Demo,Xbox 360,Nuclex.UserInterface.Demo (xna-4.0-xbox360).csproj,bin/xna-4.0-xbox360/%build.configuration%
Nuclex.Fonts.Demo,Xbox 360,Nuclex.Fonts.Demo (xna-4.0-xbox360).csproj,bin/xna-4.0-xbox360/%build.configuration%
#Nuclex.Game.Demo,Xbox 360,Nuclex.Game.Demo (xna-4.0-xbox360).csproj,bin/xna-4.0-xbox360/%build.configuration%
#Nuclex.Geometry.Demo,Xbox 360,Nuclex.Geometry.Demo (xna-4.0-xbox360).csproj,bin/xna-4.0-xbox360/%build.configuration%
Nuclex.Graphics.Demo,Xbox 360,Nuclex.Graphics.Demo (xna-4.0-xbox360).csproj,bin/xna-4.0-xbox360/%build.configuration%
Nuclex.Graphics.SpecialEffects.Demo,Xbox 360,Nuclex.Graphics.SpecialEffects.Demo (xna-4.0-xbox360).csproj,bin/xna-4.0-x86/%build.configuration%
Nuclex.Input.Demo,Xbox 360,Nuclex.Input.Demo (xna-4.0-xbox360).csproj,bin/xna-4.0-xbox360/%build.configuration%
Nuclex.UserInterface.Demo,Xbox 360,Nuclex.UserInterface.Demo (xna-4.0-xbox360).csproj,bin/xna-4.0-xbox360/%build.configuration%
