﻿<Button>

  ////////////////////////////////////////////////////////////////////////////
  <Class name="Button">
    <summary>
      Represents a button control.
    </summary>   
  </Class>
  ////////////////////////////////////////////////////////////////////////////

  ////////////////////////////////////////////////////////////////////////////
  <Class name="Glyph">
    <summary>
      Represents an image on a button.
    </summary>
  </Class>
  ////////////////////////////////////////////////////////////////////////////

  ////////////////////////////////////////////////////////////////////////////
  <Class name="SizeMode">
    <summary>
      Specifies how an image is positioned within a control.
    </summary>
  </Class>
  ////////////////////////////////////////////////////////////////////////////

</Button>