<?xml version="1.0"?>
<doc>
    <assembly>
        <name>LzmaSharp</name>
    </assembly>
    <members>
        <member name="M:SevenZip.ICoder.Code(System.IO.Stream,System.IO.Stream,System.Int64,System.Int64,SevenZip.ICodeProgress)">
            <summary>
            Codes streams.
            </summary>
            <param name="inStream">
            input Stream.
            </param>
            <param name="outStream">
            output Stream.
            </param>
            <param name="inSize">
            input Size. -1 if unknown.
            </param>
            <param name="outSize">
            output Size. -1 if unknown.
            </param>
            <param name="progress">
            callback progress reference.
            </param>
            <exception cref="T:SevenZip.DataErrorException">
            if input stream is not valid
            </exception>
        </member>
        <member name="T:SevenZip.DataErrorException">
            <summary>
            The exception that is thrown when an error in input stream occurs during decoding.
            </summary>
        </member>
        <member name="T:SevenZip.InvalidParamException">
            <summary>
            The exception that is thrown when the value of an argument is outside the allowable range.
            </summary>
        </member>
        <member name="M:SevenZip.ICodeProgress.SetProgress(System.Int64,System.Int64)">
            <summary>
            Callback progress.
            </summary>
            <param name="inSize">
            input size. -1 if unknown.
            </param>
            <param name="outSize">
            output size. -1 if unknown.
            </param>
        </member>
        <member name="T:SevenZip.CoderPropID">
            <summary>
            Provides the fields that represent properties idenitifiers for compressing.
            </summary>
        </member>
        <member name="F:SevenZip.CoderPropID.DefaultProp">
            <summary>
            Specifies default property.
            </summary>
        </member>
        <member name="F:SevenZip.CoderPropID.DictionarySize">
            <summary>
            Specifies size of dictionary.
            </summary>
        </member>
        <member name="F:SevenZip.CoderPropID.UsedMemorySize">
            <summary>
            Specifies size of memory for PPM*.
            </summary>
        </member>
        <member name="F:SevenZip.CoderPropID.Order">
            <summary>
            Specifies order for PPM methods.
            </summary>
        </member>
        <member name="F:SevenZip.CoderPropID.BlockSize">
            <summary>
            Specifies Block Size.
            </summary>
        </member>
        <!-- Badly formed XML comment ignored for member "F:SevenZip.CoderPropID.PosStateBits" -->
        <!-- Badly formed XML comment ignored for member "F:SevenZip.CoderPropID.LitContextBits" -->
        <!-- Badly formed XML comment ignored for member "F:SevenZip.CoderPropID.LitPosBits" -->
        <member name="F:SevenZip.CoderPropID.NumFastBytes">
            <summary>
            Specifies number of fast bytes for LZ*.
            </summary>
        </member>
        <member name="F:SevenZip.CoderPropID.MatchFinder">
            <summary>
            Specifies match finder. LZMA: "BT2", "BT4" or "BT4B".
            </summary>
        </member>
        <member name="F:SevenZip.CoderPropID.MatchFinderCycles">
            <summary>
            Specifies the number of match finder cyckes.
            </summary>
        </member>
        <member name="F:SevenZip.CoderPropID.NumPasses">
            <summary>
            Specifies number of passes.
            </summary>
        </member>
        <member name="F:SevenZip.CoderPropID.Algorithm">
            <summary>
            Specifies number of algorithm.
            </summary>
        </member>
        <member name="F:SevenZip.CoderPropID.NumThreads">
            <summary>
            Specifies the number of threads.
            </summary>
        </member>
        <member name="F:SevenZip.CoderPropID.EndMarker">
            <summary>
            Specifies mode with end marker.
            </summary>
        </member>
    </members>
</doc>
